<?xml version="1.0" encoding="UTF-8" ?>
<root>
	<employee>
		<EmployeeName>XML2Swetha</EmployeeName>
		<Age>26</Age>
		<Salary>4900</Salary>
		<Department>Finance</Department>
		<Doj>2023-08-01</Doj>
		<DoR>2025-08-01</DoR>
	</employee>
	<employee>
		<EmployeeName>Mahesh</EmployeeName>
		<Age>28</Age>
		<Salary>5000</Salary>
		<Department>HR</Department>
		<Doj>2023-08-01</Doj>
		<DoR>2025-08-01</DoR>
	</employee>
	<employee>
		<EmployeeName>Hari</EmployeeName>
		<Age>25</Age>
		<Salary>4800</Salary>
		<Department>IT</Department>
		<Doj>2023-08-01</Doj>
		<DoR>2025-08-01</DoR>
	</employee>
	<employee>
		<EmployeeName>Ammu</EmployeeName>
		<Age>29</Age>
		<Salary>5200</Salary>
		<Department>Sales</Department>
		<Doj>2023-08-01</Doj>
		<DoR>2025-08-01</DoR>
	</employee>
	<employee>
		<EmployeeName>Mani</EmployeeName>
		<Age>31</Age>
		<Salary>5500</Salary>
		<Department>Marketing</Department>
		<Doj>2023-08-01</Doj>
		<DoR>2025-08-01</DoR>
	</employee>
</root>
