[
    {
      "EmployeeName": "Json1Swetha",
      "Age": 26,
      "Salary": 4900,
      "Department": "Finance",
      "Doj": "2023-08-01"   ,
      "DoR": "2025-08-01"
    },
    {
      "EmployeeName": "Mahesh",
      "Age": 28,
      "Salary": 5000,
      "Department": "HR" ,
      "Doj": "2023-08-01"   ,
      "DoR": "2025-08-01"
    },
    {
      "EmployeeName": "Hari",
      "Age": 25,
      "Salary": 4800,
      "Department": "IT",
      "Doj": "2023-08-01"   ,
      "DoR": "2025-08-01"
    },
    {
      "EmployeeName": "Ammu",
      "Age": 29,
      "Salary": 5200,
      "Department": "Sales",
      "Doj": "2023-08-01"   ,
      "DoR": "2025-08-01"
    },
    {
      "EmployeeName": "Mani",
      "Age": 31,
      "Salary": 5500,
      "Department": "Marketing",
      "Doj": "2023-08-01"   ,
      "DoR": "2025-08-01"
    }
  ]
